model,mean,ci_lo,ci_hi,n
rk4,0.09732421691041154,0.07120775295353923,0.12482889289249148,720
symplectic,0.17837054725312135,0.14942616987902133,0.20884107958151343,720
euler,0.39766934650389374,0.35063633830720214,0.44540927311439066,720
chronos2-multi,0.5431125156298505,0.4982959250036553,0.5893746839987868,720
chronos2-uni,0.5485537780186266,0.5053552207476428,0.5932582037030224,720
neural-ode-rollout,0.6219113697410212,0.5701736148966579,0.6741239015749965,720
neural-ode-rollout-mixed,0.6252913059545359,0.5729678406371647,0.6787451955605988,720
hnn-rollout,0.7491680679323717,0.6937043555717135,0.8071407256791803,720
hnn-rollout-mixed,0.8037354572490981,0.7440538675715753,0.8635401466825103,720
neural-ode,0.8329524907764393,0.773139441825119,0.893658807521727,720
hnn,0.8383069757379845,0.7816701630503308,0.897508693219491,720
lnn,0.9501634326319888,0.8509845863648163,1.050879444840687,327
