model,horizon,seeds,nmae_mean,nmae_sd,mae_mean,rmse_mean,success_rate,nmae_se
chronos2-multi,0.1,2,0.0816794877126588,0.01339501704736307,0.7163751582521944,0.8516974723734222,1.0,0.009471707388299833
chronos2-multi,0.5,2,0.5683178295525573,0.1934185234215697,4.934658195170518,5.702573725632065,1.0,0.136767549518481
chronos2-multi,1.0,2,0.6567771527375257,0.05672838719064643,5.682043985370182,6.126081280256695,1.0,0.04011302726828216
chronos2-uni,0.1,2,0.10618801392995808,0.01125334350915736,0.9252132610894216,1.0440416027268273,1.0,0.007957315506346787
chronos2-uni,0.5,2,0.5475348522239034,0.16176669208625685,4.771774361615083,5.781071288650945,1.0,0.11438632494430842
chronos2-uni,1.0,2,0.6471081885072627,0.04292962292229391,5.594567521939451,6.090395752995411,1.0,0.030355827482135472
euler,0.1,2,0.029452070422786206,0.017374798017679657,0.2565206626312351,0.28155066983579513,1.0,0.012285837500047869
euler,0.5,2,0.243725587850477,0.08315824288143037,2.1160535698763505,2.326056416480527,1.0,0.05880175745301735
euler,1.0,2,0.8643640480808394,0.06793090794293352,7.465753314076762,7.765966281724674,1.0,0.04803440565860739
neural-ode,0.1,2,0.004802057974721653,0.0030569981526540843,0.042521804009518264,0.05213521176837152,1.0,0.0021616241238164515
neural-ode,0.5,2,0.054820502200045196,0.022002741333650922,0.4769411954022946,0.5221440481374852,1.0,0.015558287601718106
neural-ode,1.0,2,0.2579509774776293,0.19429778671223252,2.250499245632785,2.6057729737320567,1.0,0.13738928255375707
nvar,0.1,2,0.011619156802483734,0.000956674950760382,0.10438813218079676,0.1491435062034658,1.0,0.0006764713450739725
nvar,0.5,2,0.2807650282004515,0.15574802336311852,2.4489728848807553,2.773402464197372,1.0,0.11013048347646193
nvar,1.0,2,0.4369785837274449,0.2667163879477392,3.744994582399465,4.556922925904268,1.0,0.18859696657142835
persistence,0.1,2,0.4960772820460102,0.1652781513576773,4.302916773443234,4.9763084933177195,1.0,0.11686930160699019
persistence,0.5,2,1.150452811936581,0.3285921079200866,10.010999685642608,11.360336942858686,1.0,0.23234970775467506
persistence,1.0,2,0.7898775879027846,0.006918375674285118,6.835848243274063,8.167941882172865,1.0,0.00489203035408306
rk4,0.1,2,0.0,0.0,0.0,0.0,1.0,0.0
rk4,0.5,2,0.0,0.0,0.0,0.0,1.0,0.0
rk4,1.0,2,0.0,0.0,0.0,0.0,1.0,0.0
sindy,0.1,2,1.0456419987490402e-06,9.172195659679012e-07,9.094700239888529e-06,1.0279749547311386e-05,1.0,6.485721749328847e-07
sindy,0.5,2,3.0526911987639996e-06,1.286052036838647e-06,2.6618696581352334e-05,2.930173961440118e-05,1.0,9.093761162073789e-07
sindy,1.0,2,9.953112594433644e-06,9.441886479199112e-06,8.766115958678267e-05,0.00010197746721982284,1.0,6.676421956635268e-06
