seed,model,error,answered,cells
20260620,rk4,0.05906248351818392,1.0,360
20260620,symplectic,0.20520026697359287,1.0,360
20260620,euler,0.40488470051986725,1.0,360
20260620,neural-ode-rollout-mixed,1.035807221182497,1.0,360
20260620,hnn-rollout,0.9715057738165355,1.0,360
20260620,hnn-rollout-mixed,1.0661587998073485,1.0,360
20260620,lnn,1.3560272189219238,0.9361111111111111,360
20260620,chronos2-uni,0.697146969105442,1.0,360
20260620,chronos2-multi,0.6842927810337736,1.0,360
20260621,chronos2-multi,0.6214915429990727,1.0,90
20260621,chronos2-uni,0.6037943167611247,1.0,90
20260621,euler,0.41520758870682467,1.0,90
20260621,hnn-rollout-mixed,1.0366979780678325,1.0,90
20260621,hnn-rollout,0.8582761796545052,1.0,90
20260621,lnn,1.3764000112820982,1.0,90
20260621,neural-ode-rollout-mixed,0.988699097785551,1.0,90
20260621,rk4,0.07429887869298515,1.0,90
20260621,symplectic,0.19438005875348113,1.0,90
