model,seeds,error_mean,error_sd,answered_mean,20260620,20260621
rk4,2,0.06668068110558453,0.010773758348939948,1.0,0.05906248351818392,0.07429887869298515
symplectic,2,0.199790162863537,0.007651042606291439,1.0,0.20520026697359287,0.19438005875348113
euler,2,0.410046144613346,0.00729938423842808,1.0,0.40488470051986725,0.41520758870682467
neural-ode-rollout-mixed,2,1.012253159484024,0.0333104735029532,1.0,1.035807221182497,0.988699097785551
hnn-rollout,2,0.9148909767355203,0.08006541386297232,1.0,0.9715057738165355,0.8582761796545052
hnn-rollout-mixed,2,1.0514283889375906,0.020831946831339924,1.0,1.0661587998073485,1.0366979780678325
lnn,2,1.366213615102011,0.01440573962958482,0.9680555555555556,1.3560272189219238,1.3764000112820982
chronos2-uni,2,0.6504706429332834,0.06601029351441703,1.0,0.697146969105442,0.6037943167611247
chronos2-multi,2,0.6528921620164232,0.04440718128124753,1.0,0.6842927810337736,0.6214915429990727
