seed,model,horizon,nmae,mae,rmse,success,cells
20260620,chronos2-multi,0.1,0.09115119510095863,0.8001609347048484,0.9853347492724206,1.0,5
20260620,chronos2-multi,0.5,0.43155028003407636,3.7719980436660037,4.889719326212887,1.0,5
20260620,chronos2-multi,1.0,0.6166641254692434,5.331559004773191,5.648552653470594,1.0,5
20260620,chronos2-uni,0.1,0.0982306984236113,0.861244214946797,0.9561206729269471,1.0,5
20260620,chronos2-uni,0.5,0.433148527279595,3.8014662446712313,5.024187603334687,1.0,5
20260620,chronos2-uni,1.0,0.6167523610251273,5.349793966375069,5.890758551217589,1.0,5
20260620,euler,0.1,0.04173790792283408,0.3628415555347681,0.39242546976350146,1.0,5
20260620,euler,0.5,0.30252734530349434,2.623670699882296,2.846839338569277,1.0,5
20260620,euler,1.0,0.816329642422232,7.0228567554617545,7.3010315694818955,1.0,5
20260620,neural-ode,0.1,0.006963682098538105,0.06155513556546188,0.07422401290148542,1.0,5
20260620,neural-ode,0.5,0.03926221459832709,0.34200478648626326,0.39892980434915887,1.0,5
20260620,neural-ode,1.0,0.3953402600313864,3.452240463220245,3.9748970660948197,1.0,5
20260620,nvar,0.1,0.012295628147557707,0.11058228881011718,0.15847061791988168,1.0,5
20260620,nvar,0.5,0.39089551167691344,3.4025263102044514,3.8602253992071036,1.0,5
20260620,nvar,1.0,0.6255755502988732,5.326589318939864,6.575667308841965,1.0,5
20260620,persistence,0.1,0.6129465836530004,5.319487959717357,6.233652120835565,1.0,5
20260620,persistence,0.5,1.3828025196912563,12.071600948615705,13.378206137180523,1.0,5
20260620,persistence,1.0,0.7947696182568678,6.820634393450921,7.957669440171211,1.0,5
20260620,rk4,0.1,0.0,0.0,0.0,1.0,5
20260620,rk4,0.5,0.0,0.0,0.0,1.0,5
20260620,rk4,1.0,0.0,0.0,0.0,1.0,5
20260620,sindy,0.1,1.694214173681925e-06,1.479148909205123e-05,1.701246898940053e-05,1.0,5
20260620,sindy,0.5,2.1433150825566207e-06,1.8707159796201484e-05,1.9823787569346558e-05,1.0,5
20260620,sindy,1.0,1.6629534551068912e-05,0.0001467492251793138,0.00017071947938608248,1.0,5
20260621,chronos2-multi,0.1,0.07220778032435897,0.6325893817995405,0.7180601954744238,1.0,5
20260621,chronos2-multi,0.5,0.7050853790710383,6.097318346675031,6.515428125051242,1.0,5
20260621,chronos2-multi,1.0,0.6968901800058078,6.032528965967172,6.603609907042798,1.0,5
20260621,chronos2-uni,0.1,0.11414532943630487,0.9891823072320461,1.1319625325267075,1.0,5
20260621,chronos2-uni,0.5,0.6619211771682119,5.742082478558936,6.537954973967203,1.0,5
20260621,chronos2-uni,1.0,0.6774640159893982,5.839341077503835,6.290032954773232,1.0,5
20260621,euler,0.1,0.017166232922738337,0.15019976972770205,0.17067586990808886,1.0,5
20260621,euler,0.5,0.18492383039745963,1.6084364398704047,1.8052734943917765,1.0,5
20260621,euler,1.0,0.9123984537394468,7.908649872691771,8.230900993967452,1.0,5
20260621,neural-ode,0.1,0.002640433850905202,0.023488472453574646,0.030046410635257627,1.0,5
20260621,neural-ode,0.5,0.0703787898017633,0.6118776043183259,0.6453582919258114,1.0,5
20260621,neural-ode,1.0,0.12056169492387218,1.0487580280453244,1.236648881369294,1.0,5
20260621,nvar,0.1,0.010942685457409762,0.09819397555147634,0.13981639448704994,1.0,5
20260621,nvar,0.5,0.17063454472398956,1.495419459557059,1.6865795291876409,1.0,5
20260621,nvar,1.0,0.24838161715601653,2.163399845859066,2.5381785429665715,1.0,5
20260621,persistence,0.1,0.37920798043902,3.28634558716911,3.7189648657998746,1.0,5
20260621,persistence,0.5,0.9181031041819061,7.950398422669511,9.342467748536848,1.0,5
20260621,persistence,1.0,0.7849855575487016,6.8510620930972035,8.378214324174518,1.0,5
20260621,rk4,0.1,0.0,0.0,0.0,1.0,5
20260621,rk4,0.5,0.0,0.0,0.0,1.0,5
20260621,rk4,1.0,0.0,0.0,0.0,1.0,5
20260621,sindy,0.1,3.9706982381615535e-07,3.397911387725827e-06,3.5470301052222415e-06,1.0,5
20260621,sindy,0.5,3.962067314971379e-06,3.453023336650318e-05,3.87796916594558e-05,1.0,5
20260621,sindy,1.0,3.2766906377983765e-06,2.8573093994251526e-05,3.323545505356321e-05,1.0,5
20260622,chronos2-multi,0.1,0.14370702571654664,1.2441755603976312,1.4310812830314947,1.0,5
20260622,chronos2-multi,0.5,0.3862550960916474,3.379048233163457,3.8297918007075955,1.0,5
20260622,chronos2-multi,1.0,0.5690405045457423,4.888262141807911,5.766731408188064,1.0,5
20260622,chronos2-uni,0.1,0.23194293337962263,2.019547128326071,2.445918614356411,1.0,5
20260622,chronos2-uni,0.5,0.5499390950765971,4.763763029129286,5.849535596284058,1.0,5
20260622,chronos2-uni,1.0,0.5274860289219758,4.583100734221929,5.070887561516488,1.0,5
20260622,euler,0.1,0.03130459915830846,0.2734520149637456,0.33300788301239714,1.0,5
20260622,euler,0.5,0.21888719901859138,1.8903327524447409,2.1668858759401117,1.0,5
20260622,euler,1.0,1.2485774504015426,10.690246548513114,11.576877041142348,1.0,5
20260622,neural-ode,0.1,0.00437407947330017,0.038402085457101796,0.045485611585157314,1.0,5
20260622,neural-ode,0.5,0.03312203060479305,0.2914574180318313,0.36516414940294994,1.0,5
20260622,neural-ode,1.0,0.17056652547251416,1.4837945846843519,1.5685076994258975,1.0,5
20260622,nvar,0.1,0.008555725240512315,0.07655750064900456,0.10039072549910362,1.0,5
20260622,nvar,0.5,0.12021588794872624,1.0589732134677416,1.2388428826729234,1.0,5
20260622,nvar,1.0,0.6140475332379441,5.340349639162392,6.282591326148791,1.0,5
20260622,persistence,0.1,0.5510660496688707,4.806102733229016,5.316625031533702,1.0,5
20260622,persistence,0.5,0.7858763460625486,6.843303554123676,7.570622720529445,1.0,5
20260622,persistence,1.0,0.910706809039248,7.954342939366316,9.228071868350167,1.0,5
20260622,rk4,0.1,0.0,0.0,0.0,1.0,5
20260622,rk4,0.5,0.0,0.0,0.0,1.0,5
20260622,rk4,1.0,0.0,0.0,0.0,1.0,5
20260622,sindy,0.1,9.597116505937851e-07,8.372770890385794e-06,1.0180839375160156e-05,1.0,5
20260622,sindy,0.5,2.138069526582562e-06,1.8647790945168037e-05,2.2450894277618886e-05,1.0,5
20260622,sindy,1.0,1.0652245289624525e-05,9.245982287469599e-05,9.799799158268776e-05,1.0,5
20260623,chronos2-multi,0.1,0.05625403276283788,0.4957416570618702,0.5966046893592665,1.0,5
20260623,chronos2-multi,0.5,0.8702711092902768,7.526439155382036,8.741680267714422,1.0,5
20260623,chronos2-multi,1.0,1.0996778375788896,9.487704843137822,10.415948529484366,1.0,5
20260623,chronos2-uni,0.1,0.07991194565700031,0.6978491105760716,0.8339485965551177,1.0,5
20260623,chronos2-uni,0.5,0.8515532258077624,7.382082618690402,8.69776704862213,1.0,5
20260623,chronos2-uni,1.0,1.0113379655679604,8.689687074215957,10.003686218272987,1.0,5
20260623,euler,0.1,0.016774581870873724,0.1477228269352519,0.17349590078337282,1.0,5
20260623,euler,0.5,0.1735240961863361,1.496590013224543,1.7664891287126072,1.0,5
20260623,euler,1.0,0.9485684642723344,8.103556048395,9.640999672892274,1.0,5
20260623,neural-ode,0.1,0.007396877052359046,0.06583034107469107,0.0810071654287543,1.0,5
20260623,neural-ode,0.5,0.05753383009538284,0.5080140115041141,0.624103991325114,1.0,5
20260623,neural-ode,1.0,0.2509790054710409,2.1827125773749416,2.547223071491327,1.0,5
20260623,nvar,0.1,0.011186028308003578,0.10078519692977514,0.1496269647130904,1.0,5
20260623,nvar,0.5,0.31700587415165205,2.7621017123502005,2.9443767566380608,1.0,5
20260623,nvar,1.0,0.41108470115177165,3.6162014869544175,4.257091057248842,1.0,5
20260623,persistence,0.1,0.42119974798060544,3.649752755089281,4.127976770596211,1.0,5
20260623,persistence,0.5,0.7967430259484986,6.980185310554033,7.611706098950154,1.0,5
20260623,persistence,1.0,0.9096337843692032,7.891885146427188,9.30065024063273,1.0,5
20260623,rk4,0.1,0.0,0.0,0.0,1.0,5
20260623,rk4,0.5,0.0,0.0,0.0,1.0,5
20260623,rk4,1.0,0.0,0.0,0.0,1.0,5
20260623,sindy,0.1,2.256225323989387e-07,1.96441055225575e-06,2.251356327580697e-06,1.0,5
20260623,sindy,0.5,2.1201503976818196e-06,1.8358109167504466e-05,2.26947215745867e-05,1.0,5
20260623,sindy,1.0,6.896446122046397e-06,6.0572599632121214e-05,6.822057996752718e-05,1.0,5
20260624,chronos2-multi,0.1,0.14063419706270852,1.221518734397414,1.5047436480965293,1.0,5
20260624,chronos2-multi,0.5,1.064259073488656,9.241016949450849,10.133470326092002,1.0,5
20260624,chronos2-multi,1.0,0.8716043479782177,7.511932032817848,8.584611141080272,1.0,5
20260624,chronos2-uni,0.1,0.10739239835673955,0.9312070687997768,1.2399453198992074,1.0,5
20260624,chronos2-uni,0.5,1.0009827465133698,8.644076323601507,9.96804503645053,1.0,5
20260624,chronos2-uni,1.0,0.8271052391639468,7.144047865782426,8.190357663281446,1.0,5
20260624,euler,0.1,0.030813628809973504,0.2700486310588337,0.31093541660549756,1.0,5
20260624,euler,0.5,0.19985101821343942,1.7282365027810513,1.9811881811788337,1.0,5
20260624,euler,1.0,0.4997418731066986,4.344970682774426,4.844631934800656,1.0,5
20260624,neural-ode,0.1,0.04661822698179564,0.4071105592338672,0.46311404187238986,1.0,5
20260624,neural-ode,0.5,0.19421590544383113,1.6821614515616408,1.810560818290216,1.0,5
20260624,neural-ode,1.0,0.4486634797644304,3.8930649931757855,4.380926732826518,1.0,5
20260624,nvar,0.1,0.01610794844902099,0.14447470128454598,0.222948996512639,1.0,5
20260624,nvar,0.5,0.3108126943955703,2.702242287532235,3.428478158254977,1.0,5
20260624,nvar,1.0,0.24515954883152155,2.1321544932794287,2.4886071916038284,1.0,5
20260624,persistence,0.1,0.6558550582960839,5.666703629777866,6.35604714056786,1.0,5
20260624,persistence,0.5,1.2572913184257284,10.879382596281491,11.953540697300372,1.0,5
20260624,persistence,1.0,1.100948259003685,9.50485352228511,10.24740900704801,1.0,5
20260624,rk4,0.1,0.0,0.0,0.0,1.0,5
20260624,rk4,0.5,0.0,0.0,0.0,1.0,5
20260624,rk4,1.0,0.0,0.0,0.0,1.0,5
20260624,sindy,0.1,6.811355365875983e-07,5.903164383995925e-06,7.770190731348792e-06,1.0,5
20260624,sindy,0.5,2.4571432080511673e-06,2.116241903440397e-05,2.4741830010205557e-05,1.0,5
20260624,sindy,1.0,6.0416849923628485e-06,5.2318549306592145e-05,6.00728178331759e-05,1.0,5
