model,0.01,1.0,10.0,60.0
chronos-local,0.023203460344948624,0.6862932898065883,0.923007170177422,0.8734668788701484
chronos2-multi,0.026639092800751177,0.5604209512691648,1.0270975630108208,1.1769922813353042
chronos2-uni,0.0311743194180324,0.6190613547797301,1.0115729212903637,1.0789641864273933
deepseek-v4-pro,0.29843907732525526,1.1062721563927598,0.9737196046486079,0.8359087439974359
euler,0.0002433270233580737,0.040977366816621646,0.8555220318797893,0.9219775363602696
grok-4-1-fast-reasoning,0.3824840019897163,0.8281992798639188,0.8223717263598163,0.6076244551218
hnn,0.0032104987977239815,0.3583599963616583,1.1834810799028943,1.3176749554510496
hnn-rollout,0.0047482899488987835,0.20989670943244454,0.9630250516959352,0.9905915827362483
hnn-rollout-mixed,0.005834032910359937,0.16080192862925774,0.9063339981354939,1.3466639805272118
kimi-k2.6,9.103328686047122e-05,0.42238315808282784,0.5441770619396689,0.5469544226100294
lnn,0.0003746382117194868,1.7241056051579169,1.4051048435584468,1.4690523644982958
neural-ode,0.001066695631657531,0.07665703001092102,1.2528431503109188,1.533213018834269
neural-ode-rollout,0.003984658846813505,0.07629252986223233,0.6880085764245817,0.462852225612548
neural-ode-rollout-mixed,0.0013536509762874299,0.035765312929388074,0.14853147606226746,0.846238718834141
rk4,2.948070676467296e-09,1.3088799992239725e-06,0.26015066107839585,0.21571067875768446
symplectic,6.429843095504087e-06,0.020935900318961434,0.500772119520732,0.49077254975961715
