model,changed_disclosed,changed_hidden,normal,sysid_gap (hidden-disclosed),hidden_vs_normal
lnn,1.071987071466369,0.6121242202095565,0.902609073378529,-0.4598628512568126,-0.29048485316897255
deepseek-v4-pro,0.7170819928113766,0.40200598387277936,0.9879788738928664,-0.3150760089385973,-0.5859728900200871
chronos-local,0.49894160708712115,0.3317942039575538,0.23350931418263043,-0.16714740312956733,0.09828488977492339
chronos2-multi,0.36068881837012295,0.25009871962354774,0.26980252811120325,-0.11059009874657522,-0.019703808487655516
hnn-rollout,0.13765926285786945,0.06911837469593168,0.11518986151821382,-0.06854088816193776,-0.04607148682228214
grok-4-1-fast-reasoning,0.5504915126729457,0.4940007599363309,0.7681338158738917,-0.0564907527366148,-0.2741330559375608
neural-ode-rollout-mixed,0.015937226799532713,0.004594506635786755,0.03514671242319378,-0.011342720163745958,-0.030552205787407027
euler,0.009246314189991877,0.006695509291531991,0.045889217278445714,-0.0025508048984598857,-0.039193707986913726
rk4,5.7743812336635216e-08,1.3920041567564803e-07,1.7707978768383765e-06,8.145660333901282e-08,-1.6315974611627283e-06
symplectic,0.004009870800053796,0.00974636055798581,0.0176572638850458,0.005736489757932013,-0.00791090332705999
neural-ode-rollout,0.021028039618302907,0.04947606458690928,0.04991167885835657,0.02844802496860637,-0.0004356142714472891
hnn,0.12649327521275172,0.17093325254503466,0.24492921498128695,0.04443997733228294,-0.07399596243625228
neural-ode,0.029064788768086713,0.07833269442592973,0.009188105269851391,0.04926790565784302,0.06914458915607834
hnn-rollout-mixed,0.04221027493090406,0.12824338694376305,0.07950028043475937,0.08603311201285899,0.04874310650900368
kimi-k2.6,0.1749677201554728,0.26774616654887945,0.14747001892654363,0.09277844639340666,0.12027614762233582
chronos2-uni,0.2784245359398805,0.43434520275247573,0.2625837726042876,0.15592066681259525,0.17176143014818812
