model,family,drift_rk4_norm,drift_symplectic_norm,stable_frac
rk4,numerical,3.9178926620321085e-06,,1.0
symplectic,numerical,0.06576082856982028,,1.0
euler,numerical,0.4937419237537671,,1.0
neural-ode,node,4.34580215178304,,1.0
neural-ode-rollout,node,0.8716694991696505,,1.0
neural-ode-rollout-mixed,node,0.7790604021406757,,1.0
hnn,hnn,4.269541823071901,6.497826563960779,1.0
hnn-rollout,hnn,2.0651909136721,2.035610599609916,1.0
hnn-rollout-mixed,hnn,0.8645379872245307,0.7881615212689703,1.0
lnn,lnn,4.038046767721054,,0.26666666666666666
