model,k,regime,horizon,err,answered
neural-ode,1,normal,1.0,0.001440242727483998,True
neural-ode,1,normal,10.0,0.09406987368361097,True
neural-ode,1,changed_disclosed,1.0,0.04057217670778046,True
neural-ode,1,changed_disclosed,10.0,1.0049226603641195,True
neural-ode,1,changed_hidden,1.0,0.08635277156895205,True
neural-ode,1,changed_hidden,10.0,0.0033439553493002094,True
neural-ode,2,normal,1.0,0.03313882047370731,True
neural-ode,2,normal,10.0,2.8951938856283084,True
neural-ode,2,changed_disclosed,1.0,0.051134986842917396,True
neural-ode,2,changed_disclosed,10.0,0.3476117569552415,True
neural-ode,2,changed_hidden,1.0,0.31619398517296493,True
neural-ode,2,changed_hidden,10.0,1.1341304736927236,True
neural-ode,3,normal,1.0,0.018177758823763195,True
neural-ode,3,normal,10.0,1.3648412633650304,True
neural-ode,3,changed_disclosed,1.0,0.07909736532536223,True
neural-ode,3,changed_disclosed,10.0,1.0790529757136273,True
neural-ode,3,changed_hidden,1.0,0.0637985119474953,True
neural-ode,3,changed_hidden,10.0,2.6385964199890157,True
neural-ode-rollout,1,normal,1.0,0.027421815019397222,True
neural-ode-rollout,1,normal,10.0,0.1994309658201363,True
neural-ode-rollout,1,changed_disclosed,1.0,0.06070006423633112,True
neural-ode-rollout,1,changed_disclosed,10.0,0.3126389457498928,True
neural-ode-rollout,1,changed_hidden,1.0,0.1844806530578582,True
neural-ode-rollout,1,changed_hidden,10.0,0.10484301597626455,True
neural-ode-rollout,2,normal,1.0,0.09387181863160077,True
neural-ode-rollout,2,normal,10.0,1.4679234093985218,True
neural-ode-rollout,2,changed_disclosed,1.0,0.008718472703809432,True
neural-ode-rollout,2,changed_disclosed,10.0,0.1652795854804452,True
neural-ode-rollout,2,changed_hidden,1.0,0.04247388502046667,True
neural-ode-rollout,2,changed_hidden,10.0,0.6367271632797145,True
neural-ode-rollout,3,normal,1.0,0.16051593083011703,True
neural-ode-rollout,3,normal,10.0,2.3662525696310404,True
neural-ode-rollout,3,changed_disclosed,1.0,0.045734241725147395,True
neural-ode-rollout,3,changed_disclosed,10.0,0.7782911996647991,True
neural-ode-rollout,3,changed_hidden,1.0,0.0627259428037285,True
neural-ode-rollout,3,changed_hidden,10.0,0.16023635367734768,True
neural-ode-rollout-mixed,1,normal,1.0,0.02975327668546157,True
neural-ode-rollout-mixed,1,normal,10.0,0.33692469902702893,True
neural-ode-rollout-mixed,1,changed_disclosed,1.0,0.02689362569539888,True
neural-ode-rollout-mixed,1,changed_disclosed,10.0,0.19907234503888915,True
neural-ode-rollout-mixed,1,changed_hidden,1.0,0.0009150639846389197,True
neural-ode-rollout-mixed,1,changed_hidden,10.0,0.030095505102297082,True
neural-ode-rollout-mixed,2,normal,1.0,0.019997487600264208,True
neural-ode-rollout-mixed,2,normal,10.0,0.31274562739321854,True
neural-ode-rollout-mixed,2,changed_disclosed,1.0,0.015224400872216881,True
neural-ode-rollout-mixed,2,changed_disclosed,10.0,0.016528950487512795,True
neural-ode-rollout-mixed,2,changed_hidden,1.0,0.007656581150783159,True
neural-ode-rollout-mixed,2,changed_hidden,10.0,0.04502170609738987,True
neural-ode-rollout-mixed,3,normal,1.0,0.15630458074872644,True
neural-ode-rollout-mixed,3,normal,10.0,0.07774040601498629,True
neural-ode-rollout-mixed,3,changed_disclosed,1.0,0.052576066629015226,True
neural-ode-rollout-mixed,3,changed_disclosed,10.0,0.09401077996379022,True
neural-ode-rollout-mixed,3,changed_hidden,1.0,0.012578469771840664,True
neural-ode-rollout-mixed,3,changed_hidden,10.0,0.22247279456924174,True
hnn,1,normal,1.0,0.00033770951702116747,True
hnn,1,normal,10.0,0.0010781818703504698,True
hnn,1,changed_disclosed,1.0,0.015026514179464101,True
hnn,1,changed_disclosed,10.0,0.3830175637793021,True
hnn,1,changed_hidden,1.0,0.11168932850747648,True
hnn,1,changed_hidden,10.0,0.37702132178062087,True
hnn,2,normal,1.0,0.45860360064703887,True
hnn,2,normal,10.0,0.80181512476669,True
hnn,2,changed_disclosed,1.0,0.4039790626267812,True
hnn,2,changed_disclosed,10.0,0.8006739106984182,True
hnn,2,changed_hidden,1.0,0.05994487545652283,True
hnn,2,changed_hidden,10.0,0.7467954868374613,True
hnn,3,normal,1.0,1.0008579043436188,True
hnn,3,normal,10.0,1.4017873804794734,True
hnn,3,changed_disclosed,1.0,0.3331969993234076,True
hnn,3,changed_disclosed,10.0,1.3951521901330668,True
hnn,3,changed_hidden,1.0,0.8416023263429526,True
hnn,3,changed_hidden,10.0,1.0904918083381485,True
hnn-rollout,1,normal,1.0,0.007970980033360497,True
hnn-rollout,1,normal,10.0,0.08750074432960897,True
hnn-rollout,1,changed_disclosed,1.0,0.018062103274095964,True
hnn-rollout,1,changed_disclosed,10.0,0.4279180658300823,True
hnn-rollout,1,changed_hidden,1.0,0.01904625388553871,True
hnn-rollout,1,changed_hidden,10.0,0.408868630250645,True
hnn-rollout,2,normal,1.0,0.2220064850517669,True
hnn-rollout,2,normal,10.0,2.5098431585156478,True
hnn-rollout,2,changed_disclosed,1.0,0.21792769959274882,True
hnn-rollout,2,changed_disclosed,10.0,0.9102061768721259,True
hnn-rollout,2,changed_hidden,1.0,0.08111471771663958,True
hnn-rollout,2,changed_hidden,10.0,0.22336744452305535,True
hnn-rollout,3,normal,1.0,0.452529125218687,True
hnn-rollout,3,normal,10.0,1.6950774700382372,True
hnn-rollout,3,changed_disclosed,1.0,0.5868932494886976,True
hnn-rollout,3,changed_disclosed,10.0,0.2673445406492843,True
hnn-rollout,3,changed_hidden,1.0,0.28353076058091203,True
hnn-rollout,3,changed_hidden,10.0,1.6653610869331406,True
hnn-rollout-mixed,1,normal,1.0,0.0016259026894687167,True
hnn-rollout-mixed,1,normal,10.0,0.3302430673735399,True
hnn-rollout-mixed,1,changed_disclosed,1.0,0.014731344522111112,True
hnn-rollout-mixed,1,changed_disclosed,10.0,0.5204521904923638,True
hnn-rollout-mixed,1,changed_hidden,1.0,0.006592838404623436,True
hnn-rollout-mixed,1,changed_hidden,10.0,0.4027670223751083,True
hnn-rollout-mixed,2,normal,1.0,0.20383635906810849,True
hnn-rollout-mixed,2,normal,10.0,0.8170944229752348,True
hnn-rollout-mixed,2,changed_disclosed,1.0,0.11738419508142095,True
hnn-rollout-mixed,2,changed_disclosed,10.0,0.7646563737135175,True
hnn-rollout-mixed,2,changed_hidden,1.0,0.07871488786202008,True
hnn-rollout-mixed,2,changed_hidden,10.0,0.6554316454319655,True
hnn-rollout-mixed,3,normal,1.0,0.261914077973503,True
hnn-rollout-mixed,3,normal,10.0,1.6502794002807317,True
hnn-rollout-mixed,3,changed_disclosed,1.0,0.1150282546832555,True
hnn-rollout-mixed,3,changed_disclosed,10.0,1.564812954078416,True
hnn-rollout-mixed,3,changed_hidden,1.0,0.6474008215694894,True
hnn-rollout-mixed,3,changed_hidden,10.0,1.238893702731372,True
