comparison,stratum,mean_diff,ci_lo,ci_hi,p_raw,p_holm,n,effect_size,paired
hidden_minus_disclosed,k1,-0.5182096214869707,-0.6253573768185541,-0.4151367347888698,0.00013882301609761125,0.00111058412878089,480,-0.20104166666666667,0
hidden_minus_disclosed,k2,-0.23786932188029464,-0.33411435055780075,-0.13794267030718624,0.009833056808549123,0.06883139765984386,480,-0.1361979166666667,0
hidden_minus_disclosed,k3,-0.41473157503507574,-0.5090803673145322,-0.31842287020257204,1.8471281916796302e-17,1.6624153725116673e-16,480,-0.4485416666666666,0
hidden_minus_disclosed,overall,-0.3902701728007803,-0.45279513431467244,-0.3274832253093755,2.510084687393463e-19,2.510084687393463e-18,1440,-0.2735802469135803,0
hidden_minus_normal,k1,-0.44727959972525133,-0.5618618228566601,-0.33892526291977143,0.041556470032349295,0.20778235016174648,480,0.10753472222222227,0
hidden_minus_normal,k2,-0.6422603130884086,-0.746135177744758,-0.5363384937260006,1.3663131286157539e-21,1.6395757543389048e-20,480,-0.5034548611111112,0
hidden_minus_normal,k3,-0.48143000992613616,-0.5769258654446298,-0.3831039357718196,8.115016066323861e-21,8.926517672956248e-20,480,-0.4936111111111111,0
hidden_minus_normal,overall,-0.5236566409132652,-0.5907814492763246,-0.4542871298447043,1.452574402080176e-26,1.8883467227042288e-25,1440,-0.3246566358024692,0
cot_minus_nocot,deepseek-v4-pro,-0.04147430996695297,-0.10638657410160829,0.02147112805415038,0.17090620207438656,0.3418124041487731,360,-0.0853108685334599,1
cot_minus_nocot,grok-4-1-fast-reasoning,-0.037995970039437846,-0.09988617901891875,0.02609640632162831,0.05989267724718401,0.20778235016174648,360,-0.14188034188034188,1
cot_minus_nocot,kimi-k2.6,0.12100367879493139,0.06053645757673278,0.18300341616774238,0.04633368591167403,0.20778235016174648,360,0.13183779119930975,1
cot_minus_nocot,overall,0.013844466262846853,-0.022785910240544993,0.05037480368276908,0.45037877456073383,0.45037877456073383,1080,-0.029354912604466682,1
deepseek-v4-pro_minus_grok-4-1-fast-reasoning,overall,0.06969501290752506,0.017635231899522062,0.12142273188511847,0.032004895322376006,0.19202937193425604,720,0.09641789672138686,1
deepseek-v4-pro_minus_kimi-k2.6,overall,0.3331832676567168,0.27589306708978734,0.39156580662699086,3.6234863726303845e-27,5.0728809216825385e-26,720,0.4813977801009854,1
grok-4-1-fast-reasoning_minus_kimi-k2.6,overall,0.26348825474919174,0.21461119123510913,0.3131096106755767,5.0120962016610535e-29,7.51814430249158e-28,720,0.5368162504258027,1
