model,constant,n,mae,spearman,spearman_p,spearman_ci_lo,spearman_ci_hi,pearson,pearson_p
deepseek-v4-pro,g,300,1.8063999999999998,,,,,,
deepseek-v4-pro,damping,300,0.09206933333333334,-0.026819793463757676,0.6435963250899839,-0.14446709694419804,0.08821693691715808,-0.03510161896246815,0.5447628459763759
deepseek-v4-pro,L,600,0.2493673333333333,0.10962530810019844,0.00719318218252351,0.0531227049454807,0.16518696796234802,0.11487470730054082,0.004842803917930161
deepseek-v4-pro,m,600,0.49496066666666666,-0.019960783464064154,0.62557366615458,-0.09908225398373532,0.06064585285430895,0.000901748174651034,0.9824143151444419
grok-4-1-fast-reasoning,g,288,1.8753562194368796,0.016892524270891343,0.7752999653015435,-0.08708585240344742,0.11270622421125906,-0.04087860612100955,0.48956250812939783
grok-4-1-fast-reasoning,damping,288,1.3026763888888893,-0.049835146028103745,0.3994655690918159,-0.16508981313568777,0.07204654930443076,0.014004508859116051,0.8129342184310615
grok-4-1-fast-reasoning,L,580,0.25231758620689654,,,,,,
grok-4-1-fast-reasoning,m,580,0.48636051724137935,,,,,,
kimi-k2.6,g,300,2.1165866519963688,0.02156897063481178,0.7098413116078848,-0.10745135926978187,0.14192768631089808,0.0643276087938022,0.2667034348565198
kimi-k2.6,damping,300,0.12524000000000002,-0.029771571149049797,0.6075177631988042,-0.14892012606690386,0.08371393016347445,-0.056367319999840355,0.33054900325000486
kimi-k2.6,L,600,0.25126666666666664,,,,,,
kimi-k2.6,m,600,0.4876933333333333,,,,,,
deepseek-v4-pro,ACCURACY_VS_INFERENCE,300,,-0.09698270389262463,0.09359494228302219,-0.20756377598813233,0.016379907788229835,,
grok-4-1-fast-reasoning,ACCURACY_VS_INFERENCE,288,,0.20223417180234993,0.0005547032444971106,0.09162803955678879,0.30743947760473844,,
kimi-k2.6,ACCURACY_VS_INFERENCE,300,,0.031071006079784608,0.5919251066186701,-0.07902335398522638,0.14043794662705722,,
